token;website;twitter
mota;https://bitatom.io/token/mota;@MotaCoin_,@nikolasmotta,@antoniomotamail,@jayrmotta,@Mota_Wallace011,@_Hugo_Ramos_,@thecryptovalley
atom;https://bitatom.io/token/atom;@atombitcoin,@cosmoshub,@CryptoBullAtom,@ATOMCosmonauts,@ATOMAccelerator,@CosmosATOMDaily
pepe;https://bitatom.io/token/pepe;@pepecoineth,@PePeCoinbsc20,@pepenextgen,@solanaPepecoin
atombtc;https://bitatom.io/token/atombtc;@atombitcoin
icals;https://bitatom.io/token/icals;@atomicalsxyz,@Galaxylabss
shib;https://bitatom.io/token/shib;@Shibtoken,@ShibainuCoin,@LucieSHIB,@shibainuburns,@ShytoshiKusama,@ShibArmyBsc,@SHIBA__BSC
sats;https://bitatom.io/token/sats;@SATS_info,@sats_bt,@satoshivision75,@Satscoinvip,@SatsGlobal,@Protocrypto,@SATCoinNetwork,@SatoshiCoinSAT
doge;https://bitatom.io/token/doge;@buffdogecoin
abtc;https://bitatom.io/token/abtc;@aBTC_Center,@ABTC_1
ordi;https://bitatom.io/token/ordi;@OrdiLaunch,@ORDI_2_0,@brc20vn,@Orditoken,@ordi_inscribe,@ord_io,@OrdiswapLabs
atomicals;https://bitatom.io/token/atomicals;@atomicalsxyz,@atomicalsmarket,@Electron_ARC20,@atomicalswallet,@atomicals_punks
hash;https://bitatom.io/token/hash;@HashAItoken,@JjTaxin,@HashedNetwork,@HashDeer1,@ZeroHashX
domo;https://bitatom.io/token/domo;@domodata,@domoerc20,@cryptodomo,@domocoin,@CryptoDomo82,@dominodex_
wizz;https://bitatom.io/token/wizz;@CryptoWizardd,@Wizzx_12,@wizzinjective,@wizzwallet,@CrypptoWizarddd,@Crypto_wizz9,@Z__Wizz
arcx;https://bitatom.io/token/arcx;@ARCS_ARX,@ArcadeX_XRPL,@ARC_Tech_Coin,@arcXonline
rekt;https://bitatom.io/token/rekt;@rektcapital,@RektToken
arcs;https://bitatom.io/token/arcs;@ARCS_ARX,@ArcsArx_TR,@arcthecommunity,@Arc__Finance,@AleoHQ
btcs;https://bitatom.io/token/btcs;@BTCS_coin,@Altcoinbuzzio,@BTCs_,@MercadoBitcoin,@AltcoinDailyio,@portaldobitcoin,@brbtcoficial
x;https://bitatom.io/token/x;@AltcoinDailyio,@Altcoinbuzzio,@CointimesNews,@AltcoinGordon
atm;https://bitatom.io/token/atm;@btcordinal,@Bitcoin_Depot,@BitcoinATMSA,@GetCoinsATM,@CoinhubUSA,@Coin_Mover,@BitATMProject
rune;https://bitatom.io/token/rune;@RuneCrypto_,@rune_coin,@RuneMetaverse,@runebtcxyz,@runealpha_btc
runes;https://bitatom.io/token/runes;@RuneCrypto_,@rune_coin,@RuneMetaverse,@runebtcxyz,@runealpha_btc,@Altcoin_Hero_,@LeonidasNFT
arc;https://bitatom.io/token/arc;@arcthecommunity,@ArchieNeko_,@Electron_ARC20,@ARCS_ARX,@arcade2earn,@arcbtc
lvx;https://bitatom.io/token/lvx;@LVX_COIN,@LvxSignals
tor;https://bitatom.io/token/tor;@torwalletapp,@TorBair,@torx_network
btc;https://bitatom.io/token/btc;@Altcoinbuzzio,@MercadoBitcoin,@AltcoinDailyio,@portaldobitcoin,@brbtcoficial
a;https://bitatom.io/token/a;@AltcoinDailyio,@Altcoinbuzzio,@wolfaltcoin,@CointimesNews,@AltcoinGordon
testtoken;https://bitatom.io/token/testtoken;@TheTESTToken,@AltcoinDailyio,@Altcoinbuzzio,@Altcoin_Hero_
runeisdead;https://bitatom.io/token/runeisdead;
gftk;https://bitatom.io/token/gftk;@queen_altcoin,@Altcointraders_
pizza;https://bitatom.io/token/pizza;@bitcoin_pizza,@pizzacoinbtc,@TheBitcoinPizza,@ppizza_erc,@HalfPizza3,@btcpizzaxyz,@Pizza__wallet,@pizzapugcoin
vmpx;https://bitatom.io/token/vmpx;@VMPX_brc20,@VMPX_MemeLegend,@kneelbefore_mee
honk;https://bitatom.io/token/honk;@Honk_coin,@honk_sol,@GooseHonkToken,@ClownPepeToken,@HonkHonkHodl,@hongkong_crypto,@EthereumHK,@BitcoinHK
coin;https://bitatom.io/token/coin;@AltcoinDailyio,@Altcoinbuzzio,@AltcoinSherpa,@cryptocom,@AltcoinGordon,@ctethcoin,@crypto_banter,@CryptoFinanceAG
gold;https://bitatom.io/token/gold;@Altcoin_Gold,@GoldCoinETH,@AltcoinDailyio,@Altcoinbuzzio,@bitcoingold,@Altcointraders_,@fantasygoldcoin,@queen_altcoin
build;https://bitatom.io/token/build;@Altcoinbuzzio,@AltcoinDailyio,@AltcoinRadarYT,@Altcoin_Hero_
usd;https://bitatom.io/token/usd;@AltcoinDailyio,@Altcoinbuzzio,@AltcoinSeason_,@Altcoinbuzznews
sat;https://bitatom.io/token/sat;@SATCoinNetwork,@SatoshiCoinSAT,@SatisDEX,@cryptosatred
o;https://bitatom.io/token/o;@AltcoinDailyio,@Altcoinbuzzio,@AltcoinGordon
b;https://bitatom.io/token/b;@AltcoinDailyio,@Altcoinbuzzio,@queen_altcoin,@Altcointraders_,@Altcoin_Alerts,@Altcoinist_com
1;https://bitatom.io/token/1;@AltcoinDailyio,@Altcoinbuzzio,@queen_altcoin,@Altcoinbuzznews,@Altcoin_Hero_
0;https://bitatom.io/token/0;@AltcoinDailyio,@Altcoinbuzzio,@Altcoinbuzznews,@queen_altcoin,@Altcoinanalyst_,@Altcoin_Alerts
eve;https://bitatom.io/token/eve;@eve_exchange,@EveOnline,@Altcoin_Alerts,@VaraNetwork
tx;https://bitatom.io/token/tx;@Altcoinist_com,@nulltxnews,@AltGemHunter,@Altcoinbuzzio,@Cloudtxofficial,@TheCryptoLark,@Crypto_Texan,@CryptoLord_TX
atoms;https://bitatom.io/token/atoms;@atombitcoin,@CryptoBullAtom,@AtomicWallet,@cosmoshub,@atoms_res,@ATOMAccelerator,@atomicalsxyz,@ATOMCosmonauts
realms;https://bitatom.io/token/realms;@Altcoinbuzzio,@Enter_Realm,@Altcoin_Hero_,@Altcoin_Alerts,@Altcoinanalyst_,@Altcoinbuzznews,@LootRealms,@_Cryptokingdom_
tap;https://bitatom.io/token/tap;@Tap_Fintech,@tap_protocol,@Altcoinbuzzio,@Tap_Flntech,@TapGlobalPlc,@AltcoinDailyio,@Altcoin_Hero_
ibtc;https://bitatom.io/token/ibtc;@ibtctoken,@IBTCETH,@IBTCCOIN_BSC,@InterlayHQ,@Indigo_protocol
supreme;https://bitatom.io/token/supreme;@SupremeFinance2,@SupremeKongNFT,@opentrade_io,@COIN360com,@Ternoa_,@PaoloTasca,@CoinGapeMedia
realm;https://bitatom.io/token/realm;@Enter_Realm,@Altcoinbuzzio,@Altcoin_Hero_,@realmname,@Altcoinanalyst_,@_Cryptokingdom_,@Altcoin_Alerts,@Altcoinbuzznews
atomfi;https://bitatom.io/token/atomfi;@AltcoinDailyio,@Altcoinbuzzio,@wolfaltcoin
atom2;https://bitatom.io/token/atom2;@atombitcoin
pipe;https://bitatom.io/token/pipe;@PipeBtc,@Pipeline_btc,@trac_btc,@SuperExet,@TheNAGACoin,@hedgetradehq
uxto;https://bitatom.io/token/uxto;@CointimesNews,@Crypto2dispatch,@AltcoinSeason_,@castacrypto
ical;https://bitatom.io/token/ical;@AltCoinCalendar,@AltcoinDailyio,@Altcoincall
aton;https://bitatom.io/token/aton;@AtonBTC
bitvm;https://bitatom.io/token/bitvm;@Bitcoin_BitVM
atmo;https://bitatom.io/token/atmo;@AltcoinATM,@AtmosferaCrypto,@Altcoin_ATM,@AtmosXYZ,@GamerHashCom,@omchainio
rea1m;https://bitatom.io/token/rea1m;@AltcoinDailyio,@Altcoinbuzzio
meme;https://bitatom.io/token/meme;@CryptoMemes,@MemesCoins,@Memeaicoin,@MemememeNetwork,@Memeland,@MemestokenO
utxo;https://bitatom.io/token/utxo;@SRC20_UTXO,@utxo_Brc20,@Bitcoin_UTXO,@UtxoExchange,@UtxoAlliance,@utxoprague,@UTXOmgmt
fish;https://bitatom.io/token/fish;@cryptofishx,@tonfish_tg,@FishcoinNetwork,@The_CryptoFish,@stable_fish,@ironfishcrypto,@HiddenFishDAO
bobo;https://bitatom.io/token/bobo;@bobocoineth,@BOBO_Erc20,@bobocoin_solana,@bobocoimeth,@BoboCoinSolana,@SolBoboCoin,@bobo2moon,@bobo_wallet
afom;https://bitatom.io/token/afom;@vai_crypto,@Altcoinbuzzio
546;https://bitatom.io/token/546;@BinanceBrasil,@mrmanson,@solangegueiros,@SantosFC,@upbitglobal,@brozocrypto
pow;https://bitatom.io/token/pow;@POWtoken,@pow20io,@Altcoinbuzzio,@MeowcoinProject,@cryptopower26,@PowerTradeHQ,@powremines,@kadena_io
6;https://bitatom.io/token/6;@theSIXnetwork,@Altcoinbuzzio,@Altcoin_Hero_,@Momentum_6,@Altcoin_Alerts
3;https://bitatom.io/token/3;@Altcoinbuzzio,@AltcoinDailyio,@Altcoin_Hero_,@Altcoin_Alerts
2;https://bitatom.io/token/2;@Altcoinbuzzio,@AltcoinDailyio,@MercadoBitcoin,@Altcoinbuzznews,@wolfaltcoin
atommap;https://bitatom.io/token/atommap;@CryptoBullAtom,@atomicalsmarket,@_atomicswap,@ATOMCosmonauts,@NodeStake_top
bitwork;https://bitatom.io/token/bitwork;@bitworkasia,@BitJob_Team,@Altcoinbuzzio,@BitBlockGroup,@AndyC0125,@AltcoinDailyio
dm1nt;https://bitatom.io/token/dm1nt;@AltcoinDailyio,@Altcoinbuzzio,@queen_altcoin,@Altcoin_Jim
dnimt;https://bitatom.io/token/dnimt;
pbpb;https://bitatom.io/token/pbpb;@CryptoTagPL,@AltcoinDailyio,@ABCriptoOficial
8;https://bitatom.io/token/8;@Altcoinbuzzio,@AltcoinDailyio,@Altcoinbuzznews,@Altcoin_Alerts,@Altcoin_Hero_,@Altcoinist_com
jesus;https://bitatom.io/token/jesus;@jesustokens,@KeeperOfMySol,@Jesuscoinico,@Crypto__Jesus_,@Jesuscoin_bsc,@JesusCrypto33,@jesus_cripto,@Jesus_coin_bsc
truth;https://bitatom.io/token/truth;@AltcoinDailyio,@Altcoinbuzzio,@Altcoinbuzznews,@Altcoinanalyst_
rexxie;https://bitatom.io/token/rexxie;@dasilver05,@Rexxie_09,@JamesNgbede10,@Rexxiexvx,@rexxiepondabeat,@rexxiegraphics,@bahdboi_sbm
feg;https://bitatom.io/token/feg;@FEGtoken,@FEGtoken,@fegbrptOficial,@FEGtokenio,@FEG_Token,@Ste_Cha_FEG,@FEG20Coin,@FegnewsT
ai;https://bitatom.io/token/ai;@real_alethea,@AICoin_Official,@cryptoai_erc,@aicryptoai,@Altcoinbuzzio,@CryptoArt_Ai,@AutoCrypto_AI,@Memeaicoin,@theAI_coin
dmint;https://bitatom.io/token/dmint;@Altcoinbuzzio,@AltcoinSherpa,@BitMartExchange,@AltcoinDailyio,@LBank_Exchange,@atomicalsmarket,@peachbitcoin
dune;https://bitatom.io/token/dune;@DuneAnalytics,@dune_network,@andrewhong5297
aaaa;https://bitatom.io/token/aaaa;@AAA_COIN_ICO,@projectquantum_,@TheAltcoinMan,@comunistaprem,@A_A_Crypto
nuke;https://bitatom.io/token/nuke;@The_Real_Nuke_,@kristjanmik,@bax1337
aa;https://bitatom.io/token/aa;@AltcoinDailyio,@Altcoinbuzzio,@Altcoin_Hero_,@queen_altcoin,@AltcoinSeason_,@Altcoin_Alerts
swap;https://bitatom.io/token/swap;@AISwapp,@swapsapp_,@CoinSwap_Space,@ZeroSwapLabs,@Altcoinbuzzio,@AltcoinDailyio,@TransitFinance
aaa;https://bitatom.io/token/aaa;@projectquantum_,@Altcoinbuzzio,@AltcoinDailyio,@CryptoMinuto,@cryptocom_BR,@Altcoin_Alerts
zoom;https://bitatom.io/token/zoom;@zoom_crypto,@Altcoinbuzzio
beng;https://bitatom.io/token/beng;@AltcoinDailyio,@BENG_BRC20,@BangCrypto_,@Altcointraders_,@Altcoinbuzznews,@AltcoinGordon,@CryptoBankENG
electron;https://bitatom.io/token/electron;@Electron_ARC20,@CoinElectron,@ElectronCoin,@Electron_ARC_20,@labs_electron,@garvitgoel03,@AltcoinDailyio,@e2coin
subrealm;https://bitatom.io/token/subrealm;@realmname,@Altcoin_Jim,@RealyOfficial,@solana_daily,@streamcoin_strm
luck;https://bitatom.io/token/luck;@luckcoinoficial,@LLuciano_BTC,@Altcoinbuzzio,@Lucky_Altcoin,@altcoin_info,@AltcoinSherpa
arcswap;https://bitatom.io/token/arcswap;@gmail.com (@arcswap,@ash_swap
tao;https://bitatom.io/token/tao;@taoblockchain,@TAOinueth,@Altcoin_Hero_,@cryptocom_BR,@BittensorForum,@TAOToken
piin;https://bitatom.io/token/piin;@piin_brc20,@pinblockchain,@jnynl899457,@aipin_io,@zozoscryptos
ab03;https://bitatom.io/token/ab03;@gavinb_finance,@portaldobitcoin
okx;https://bitatom.io/token/okx;@okx,@okxweb3,@okx_uk
proton;https://bitatom.io/token/proton;@Protontweets,@prtn_project,@XPRNetwork,@XprProton,@protonprotocol_,@Proton_Prtn,@proton_global,@protonmint
desat;https://bitatom.io/token/desat;
syn;https://bitatom.io/token/syn;@SynapseProtocol,@SynFuturesDefi,@SynapseNetwork_,@Crypto_SYN_,@SyntribosStable,@synonymfinance
poker;https://bitatom.io/token/poker;@CoinPoker_OFF,@CoinPoker_,@AlecTorelli,@polker_PKR,@Poker__Space,@SwCPoker
chip;https://bitatom.io/token/chip;@Altcoinbuzzio,@MeowcoinProject,@akashnet_
frog;https://bitatom.io/token/frog;@FrogEcosystem,@frogs_crypto,@Frogwifhat_coin,@Frog_co1ns,@CrazyFrog_Coin,@BNBFROG,@_Crypto_Frog,@BitcoinFrogs,@froggybsc
loot;https://bitatom.io/token/loot;@CryptoLootMiner,@Altcoinbuzzio,@Altcoin_Alerts,@lootproject,@Portalcoin,@Altcoin_Hero_,@LOOT_Farm,@lootbot_xyz
kimo;https://bitatom.io/token/kimo;@KimoCoin,@KIMO_COIN,@kimochi999,@KimoThai
avm;https://bitatom.io/token/avm;@avariumprotocol,@AlchemyVirtualM,@mayrasiqueira,@Altcoinbuzzio,@atomicalsxyz,@Electron_ARC20,@atomicalsmarket,@pundixturkiye
luke;https://bitatom.io/token/luke;@VentureCoinist,@talkintokens,@toroscrypto,@LukeMikic21,@LukeQTran,@CryptoCoight,@LukeDashjr,@LuckyLukeCoin,@kayabaNerve
star;https://bitatom.io/token/star;@StarcoinSTC,@StarCoinNetwork,@Starnetworkdefi,@star_okx,@staratlas,@Staraicoin,@FourthStarHQ,@nftstars1
neutron;https://bitatom.io/token/neutron;@Neutron_org,@Neutron_Crypto,@Neutron21000,@neutronals_com,@crypto_neutron
gpt4;https://bitatom.io/token/gpt4;@GPT4AIBSC,@CryptoGPT_org,@GPTPlusAI,@GPTChain,@replyada,@gptcoin_ai,@gpt_protocol
sf;https://bitatom.io/token/sf;@LayerN_Official,@SFox,@portal_finance,@0xProject,@StreetFighter,@MonicaLongSF,@alexblania
long;https://bitatom.io/token/long;@CaitlinLong_,@queen_altcoin,@ObserverAltcoin,@AltcoinSeason_,@AltcoinMiyagi,@AltcoinSherpa
asut;https://bitatom.io/token/asut;@coincenter,@portaldobitcoin
akiu;https://bitatom.io/token/akiu;@aki_protocol,@carryprotocol,@Akiodefi,@adejimi,@MordenAki
atomi;https://bitatom.io/token/atomi;@AtomicWallet,@atomica_org,@atomicalsxyz,@100xAltcoinGems,@atomicalsmarket
fif;https://bitatom.io/token/fif;@Altcoinbuzzio,@AltcoinDailyio,@queen_altcoin,@Altcoin_Hero_,@Altcoin_Alerts,@Altcoinbuzznews,@AltcoinRadarYT
dragon;https://bitatom.io/token/dragon;@DragonCoinSol,@altcoinsdragon,@dragoncoin,@superdragoncoin,@CryptoDragon001,@dragoncoinn,@ElonDragoned,@Dragon_memecoin
c0;https://bitatom.io/token/c0;@AltcoinDailyio,@Altcoinbuzzio,@cryptocom,@Altcointraders_,@AltcoinSherpa,@Altcoin_Alerts,@ctethcoin
rns;https://bitatom.io/token/rns;@RNS_global,@Altcoinist_com,@queen_altcoin,@Ronin_Network,@realmname,@AltcoinSherpa,@SohotRNToken
satsbyte;https://bitatom.io/token/satsbyte;@Crypto_Learn1,@atomicals_punks,@CryptoniteTrade,@ABCriptoOficial
808080;https://bitatom.io/token/808080;@8080tools,@Football_Coin
ticker;https://bitatom.io/token/ticker;@Altcoinbuzzio,@AltcoinDailyio,@Altcoin_Alerts,@AltcoinSherpa,@Altcoin_Hero_
bomb;https://bitatom.io/token/bomb;@BombCryptoGame,@BombLegacyGame,@BombPolygon
235u;https://bitatom.io/token/235u;@portaldobitcoin
moons;https://bitatom.io/token/moons;@unofficalMoons,@altcryptocom,@TheMoonCarl,@100xAltcoinGems,@CCMOD_,@MooncoinItalia,@wolfaltcoin
loca;https://bitatom.io/token/loca;@AltcoinLocal,@Altcoin_Hero_,@Altcoin_Edge,@Altcoin_Alerts,@LokaCrypto,@zeebuofficial,@SantosFC,@BNBCHAIN
lutr;https://bitatom.io/token/lutr;@AltcoinDailyio,@Altcoinbuzzio
quantum;https://bitatom.io/token/quantum;@QuantumX902,@QuantumCoinerc,@projectquantum_,@AtlasQuantum,@Quantumtechpro,@QBTOfficial256,@CfxQuantum,@qtmprotocol
ion;https://bitatom.io/token/ion;@ion_token,@ionprotocol,@_IONDAO,@ionomics,@ION_Markets,@ice_blockchain
tiktok;https://bitatom.io/token/tiktok;@Altcoinbuzzio,@realtycrypto
quark;https://bitatom.io/token/quark;@Quark_Chain,@Alphaquark_,@ARC20_QUARK,@QuarkToken,@quarkcoin,@Quark_Protocol,@QRKcoin,@QUARKC0IN,@QuarkPress
photon;https://bitatom.io/token/photon;@tradewithPhoton,@PhotonCoin,@photon_finance,@Photon_L2,@PhotonCurrency,@photonswap_fi,@Rajatga94730736,@PhotonsHedge
hydrogen;https://bitatom.io/token/hydrogen;@HydroBlockchain,@HydrogenAPI,@Neo_Blockchain,@0xGasDAO,@okx,@BuildOnViction,@BrazilCrypto_
king;https://bitatom.io/token/king;@king_altcoin,@CryptoKing4Ever,@KINGCoinSOL,@Cryptoking,@Cryptoking_nft,@Tiger_King_Coin,@cryptosanthoshK
atom2024;https://bitatom.io/token/atom2024;
wddd;https://bitatom.io/token/wddd;@AltcoinDailyio,@OntologyNetwork,@Altcoinbuzzio,@DRIPcommunity,@AltsDaddycom
smiley;https://bitatom.io/token/smiley;@thesmileytoken,@buysmiley,@smileyfacingww,@buysmileycoin,@coin_smiley,@CryptoSmiley,@smileycapital
ab20;https://bitatom.io/token/ab20;@JAEGERBOMBER_CS,@Altcointraders_
clmg;https://bitatom.io/token/clmg;@Altcoinbuzzio,@SiddikK81508928,@AltcoinDailyio
trwz;https://bitatom.io/token/trwz;@AltcoinDailyio,@Altcoinbuzzio,@Altcointraders_,@portalcryptoid,@Altcoin_Jim
sophon;https://bitatom.io/token/sophon;@_sophonxyz,@sophornxyz,@sophunxyz,@sophoxnyz,@sophonxyzx,@SophonLabs,@sophonxyzz,@sophonxyz__
cats;https://bitatom.io/token/cats;@officialcatcoin,@BitcoinCats1Cat,@cats_coin,@Cat_CAT_Token,@NewcatcoinNCT,@CRYCOINOFFICIAL,@QuantumCatsXYZ
genesisbtc;https://bitatom.io/token/genesisbtc;@AltcoinDailyio,@Altcoinbuzzio,@GenesisTrading,@Altcoin_Jim,@Altcoin_Hero_,@Altcoinist_com
salvo;https://bitatom.io/token/salvo;@salvonft,@CryptoSalvo,@Turisbreak,@AltcoinDailyio
wow;https://bitatom.io/token/wow;@altcoinwow,@WOWEARNENG,@_wowcoin_,@Wowswap_io,@WOW_Exchange,@wowcoinwow,@wowearnchain,@WOW_ERC
blast;https://bitatom.io/token/blast;@Blast_L2,@CoinBlastHQ,@BLASTBlockchain,@BlastAPI,@Blastar_PRC20,@CryptoValleys
coinbase;https://bitatom.io/token/coinbase;@CoinbaseAssets,@AltcoinDailyio,@CoinbaseExch,@Altcoinbuzzio,@CoinbaseWallet,@CommerceCB
da;https://bitatom.io/token/da;@AltcoinDailyio,@Altcoinbuzzio
shadow;https://bitatom.io/token/shadow;@AltcoinShadow,@shadowcrypto7,@shadows_defi
shadow;https://bitatom.io/token/shadow;@AltcoinShadow,@shadowcrypto7,@shadows_defi
node;https://bitatom.io/token/node;@Node_Cap,@AethirCloud,@mintairxyz,@NodeAIETH
uijg;https://bitatom.io/token/uijg;@Altcoinbuzzio,@AltcoinDailyio,@Altcoin_Jim
particle;https://bitatom.io/token/particle;@ParticleNtwrk,@particle_trade,@ParticleMtwrk
love;https://bitatom.io/token/love;@LOVECoin12,@lovedotio
string;https://bitatom.io/token/string;@String_Net,@Altcoinbuzzio,@cryptocom_BR,@queen_altcoin,@0xmercurius
nuts;https://bitatom.io/token/nuts;@token_nuts,@NutcoinOrg,@unclenutcrypto,@ThetanutsFi,@NutCoinERC
molecule;https://bitatom.io/token/molecule;@Molecule_dao,@compoundfinance,@compound_coin,@CompoundCoin
lol;https://bitatom.io/token/lol;@LoLCoinBSC,@coin_lol,@LOLMemecoin,@Tweety_Coin,@loltokeneth,@LoltokenERC20,@lolsmashcoin,@LOLz_coin,@_turtlecoin,@loleth9
gofuck;https://bitatom.io/token/gofuck;@GoFYourselfBSC
carbon;https://bitatom.io/token/carbon;@TrueCarbonCoin,@carbon_money,@crbnio,@trycarbonio,@cycecoin,@0xcarbon,@weareflowcarbon,@cleancarbon_io,@senken_io
2024;https://bitatom.io/token/2024;@AltcoinDailyio,@Altcointraders_,@Altcoin_Alerts,@Gamiumcorp
atombomb;https://bitatom.io/token/atombomb;@BombCryptoGame,@atombitcoin
vip;https://bitatom.io/token/vip;@AltcoinVip,@token_vip,@vipscoin8,@Altcoinbuzzio,@pepecoineth,@Bybit_Official
au;https://bitatom.io/token/au;@DigitalSurge,@coinspotau,@cryptonews_aus,@CointreeAus,@Altcoinbuzznews,@bitgetglobal
punk;https://bitatom.io/token/punk;@punk7406,@cryptopunksnfts,@punk6529,@starkpunkcoin,@TonPunks,@Bitcoin_Punks_,@PunksOnBitcoin,@token_punk,@i2punks
preon;https://bitatom.io/token/preon;@PreonFinance,@AltcoinDailyio,@Altcoinbuzzio,@wolfaltcoin,@SphereDeFi
newton;https://bitatom.io/token/newton;@newton_crypto,@newton_project,@NewtOnCrypto,@Newton_NCP,@NFTnewton,@JamesLeborn2
spin;https://bitatom.io/token/spin;@Spin_BSC,@crypto_spin_bot,@spin_protocol,@CoinMasterGame,@ThetanArenaN,@Altcoinbuzzio
einstein;https://bitatom.io/token/einstein;@MidasMomentum,@EinsteincoinOFC,@einsteiniumcoin,@Einstein_Crypto,@NFTEINSTEIN,@Einsteintoken1,@cryptoeinstain,@EinsteinXchange
void;https://bitatom.io/token/void;@Altcoinbuzzio,@ProtocolVoid,@CryptoFinanceAG,@AltcoinRadarYT,@SpaceCryptoGame,@BrazilCrypto_
energy;https://bitatom.io/token/energy;@Altcoinbuzzio,@energywebx,@SolarNetwork,@SolarCoin_SLR,@BscRetoken,@ElectricCoinCo,@XEnergyWeb
bitcoin;https://bitatom.io/token/bitcoin;@AltcoinDailyio,@Altcoinbuzzio,@MercadoBitcoin,@Altcointraders_,@rektcapital,@Altcoinbuzznews,@wolfaltcoin
outs;https://bitatom.io/token/outs;@Altcoinbuzzio,@AltcoinRadarYT,@CryptoFinanceAG,@AltcoinGordon
mol;https://bitatom.io/token/mol;@MOL_Blockchain,@molecular_cc,@moltentoken,@DanielMol,@Molecule_dao,@Bart_Mol
nucleon;https://bitatom.io/token/nucleon;@OfficialNucleon,@NucleonFinance
yyds;https://bitatom.io/token/yyds;@YYDS_Token,@YYDS2_ORG,@yydsfafo,@yydsol,@btc__yyds
neutrino;https://bitatom.io/token/neutrino;@neutrino_proto,@NeutrinosChain,@NeutrinoNFT,@neutrino0077
archon;https://bitatom.io/token/archon;@archon_0x,@crypto_archon,@bitarchon,@bitarchon,@TheHashMiner,@Arfung
lepton;https://bitatom.io/token/lepton;@LeptonAI,@Altcoinbuzzio,@AltcoinDailyio
nucleus;https://bitatom.io/token/nucleus;@NucleusFinance,@NucleusVision,@NucleusAPI,@nonnibi,@OfficialNucleon
boson;https://bitatom.io/token/boson;@BosonProtocol,@Boson_BON,@BosonProtocol (@JBanon,@boson49752824
fanshood;https://bitatom.io/token/fanshood;@Kizazi_moto
gluon;https://bitatom.io/token/gluon;@gluonproject,@GluonNetwork,@Leverj_io
supernova;https://bitatom.io/token/supernova;@cryptosupernova,@Supernovazone,@supernovacrypto,@0xCryptonova,@Supernova_cash
fermi;https://bitatom.io/token/fermi;@FermiLabs,@coinfarmoficial,@fermi_ma
oxygen;https://bitatom.io/token/oxygen;@Oxygen_protocol,@CryptoOxygen2,@OXYGEN_COIN,@oxygen_fin,@NoGas_4337,@oxygen_trade
qubit;https://bitatom.io/token/qubit;@QubitFin,@QubitCoin,@qubitlife1,@projectquantum_,@qubit_network
higgsboson;https://bitatom.io/token/higgsboson;@Altcoinbuzzio
games;https://bitatom.io/token/games;@Crypto_Games,@chain_sgc,@cryptothegame_,@Portalcoin,@PLAYA3ULL_GAMES,@crhgame,@GoGalaGames,@Play_toEarn,@projectquantum_
qi;https://bitatom.io/token/qi;@qicoin,@BenqiFinance,@Qi_Capital,@Altcoinbuzzio,@IQCOINTOKEN,@QiDaoProtocol
game;https://bitatom.io/token/game;@Crypto_Games,@cryptothegame_,@Portalcoin,@chain_sgc,@crhgame,@BombCryptoGame,@PLAYA3ULL_GAMES,@GoGalaGames,@CryptoRoyaleONE
matter;https://bitatom.io/token/matter;@AltcoinsMatter,@antimatterdefi,@Altcoinbuzzio,@AltcoinRadarYT,@FrontierDotXYZ,@aelfblockchain,@illuviumio
dimensaur;https://bitatom.io/token/dimensaur;@AltcoinDailyio,@Altcoinbuzzio,@queen_altcoin
pym;https://bitatom.io/token/pym;
satl;https://bitatom.io/token/satl;@SatisDEX,@SatoshiCoinSAT,@SATCoinNetwork,@Altcoin_Alerts,@golemproject,@AltcoinDailyio
xray;https://bitatom.io/token/xray;@RayNetwork,@RaydiumProtocol,@raycivkit,@RayDalio,@hosseeb,@Kin_Ecosystem
dao;https://bitatom.io/token/dao;@AltcoinDailyio,@daomaker,@Altcoinbuzzio,@xdaoapp,@Coredao_Org,@TheDaoMaker,@trondao,@AKITA_network,@MANTRAOMniverse
dna;https://bitatom.io/token/dna;@MVSDNA,@BRLAdigital,@SamuelHBurke
fusion;https://bitatom.io/token/fusion;@FUSIONProtocol,@FUSIONProtocol,@build_on_bob,@FusionXnft,@diam_stack,@EmpMoneyBSC
satashi;https://bitatom.io/token/satashi;@AltcoinSatoshi,@SatoshiCoinSAT,@BTCs_,@SatoshiErcToken,@satoshi_ai_,@StackerSatoshi,@esatoshiclub
3body;https://bitatom.io/token/3body;@finestonematt,@3body
og;https://bitatom.io/token/og;@AltcoinDailyio,@crypto_og,@Altcoinbuzzio,@ogcoinofficial,@OGesports,@wolfaltcoin,@Altcoin_Hero_,@queen_altcoin
trge;https://bitatom.io/token/trge;@Altcointraders_,@TrageJunior,@AltcoinDailyio
shazi;https://bitatom.io/token/shazi;@shazitariq_15,@ShaziYoutube,@ks_shazi
jiaozi;https://bitatom.io/token/jiaozi;
universe;https://bitatom.io/token/universe;@UniverseAltcoin,@MediaAltcoin,@universeecoin,@Altcoinbuzzio,@AltcoinSeason_,@Altcoin_Hero_,@Altcoinanalyst_
time;https://bitatom.io/token/time;@AltcoinDailyio,@Altcoinbuzzio,@CryptoTimes_io,@Altcoin_Alerts,@leiacryptotimes,@100xAltcoinGems,@Bybit_Official,@ChronotechNews
satoshi;https://bitatom.io/token/satoshi;@AltcoinSatoshi,@Quem_e_Satoshi,@SatoshiCoinSAT,@SatoshiErcToken,@BTCs_
dots;https://bitatom.io/token/dots;@polkadotnetwork,@Altcoinbuzzio,@dotisded,@PolkadotInsider,@CryptoMinuto,@polkadotnews
higgs;https://bitatom.io/token/higgs;@HiggsWeb3,@LukeHiggs,@higgsdomino_io,@DominosHiggs,@SarahHiggs20,@lujanodera
force;https://bitatom.io/token/force;@Altcoinbuzzio,@Cryptoforceplay,@Altcoin_Alerts,@AltcoinSherpa,@AltcoinRadarYT,@AltcoinSeason_
atomxyz;https://bitatom.io/token/atomxyz;@IBC_Summit,@CosmoverseHQ,@polina_soft,@GregWeld
antiquark;https://bitatom.io/token/antiquark;@Quark_Chain,@AltcoinDailyio,@Altcoinbuzzio,@Alphaquark_
1234;https://bitatom.io/token/1234;@L9KzPPyGcqiH9Jd,@cz_binance,@adam3us,@TokenSquare,@Altcoinbuzzio,@seekmine
abc1;https://bitatom.io/token/abc1;@abcgoflip,@aiblockchaincan,@ABCriptoOficial
qilin;https://bitatom.io/token/qilin;@qilinbank,@QilinProtocol,@QilinLabs,@qilinworldcap
troll;https://bitatom.io/token/troll;@OCryptoTroll,@TrollCoinCro,@trollofficial_,@crypto_trolls,@TrollFaceBSC
darkmatter;https://bitatom.io/token/darkmatter;@darkmattertoken,@darkmatterdefi,@darkmatterr__,@DarkMatter_Labs,@DarkMatterDAC,@DarkMatter_CO,@DrkMatterdotinj,@DarkMatter2222,@DarkMatter_Labs
earth;https://bitatom.io/token/earth;@earthtokens,@joinourplanet,@Altcoinbuzzio,@PlanetReFi,@EarthFund_io,@NextEarth_,@earthwallet,@SPE_Token_BSC
msat;https://bitatom.io/token/msat;@multisat_io,@SatoshiCoinSAT
genesisquarkbox;https://bitatom.io/token/genesisquarkbox;
ikun;https://bitatom.io/token/ikun;@IKUN2025115376,@Ikun_Coin,@ikun99406109,@IkunForever01,@IKUN2025115376
ec;https://bitatom.io/token/ec;@AltcoinDailyio,@Altcoinbuzzio,@Altcointraders_,@Altcoin_Hero_,@Altcoinanalyst_,@wolfaltcoin,@Altcoinbuzznews,@Altcoinvestment
btcsoul;https://bitatom.io/token/btcsoul;@BTC_Soul
oriston;https://bitatom.io/token/oriston;@TradeOnOrion,@orion_protocol,@AltcoinDailyio,@ObserverAltcoin,@Altcoinbuzzio
pi;https://bitatom.io/token/pi;@PiCoreTeam,@Picoin__Pi,@mstor168,@SpacePi_Com,@PiNewsMedia,@PiNetworkPH
kekepalmer;https://bitatom.io/token/kekepalmer;@KekePalmer
mars;https://bitatom.io/token/mars;@DogelonMars,@marscoinorg,@MarsEcosystem,@thecryptomars,@mars_protocol,@0xMarsDAO,@elonmusk
quarks;https://bitatom.io/token/quarks;@Quark_Chain,@IaQuarks,@Alphaquark_,@Quark_Protocol,@QuarkToken,@ARC20_QUARK,@QRKcoin,@quarkcoin,@QuarkPress
field;https://bitatom.io/token/field;@portalcryptoid,@AltcoinSherpa,@Altcoinbuzzio
meow;https://bitatom.io/token/meow;@MeowcoinProject,@weremeow,@zeekcoin,@the_meowcoin,@meowmeowerc20,@meow_solanacoin,@meowmeowcoin1,@MeowCoinETH,@meowmeowbsc
cra;https://bitatom.io/token/cra;@PlayCrabada,@Altcoinbuzzio,@VeeFinance,@cra@macaw.social
uxon;https://bitatom.io/token/uxon;@Altcoinbuzzio,@Xon_hub,@Altcoinbuzznews,@ux_xyz,@BainCapCrypto
cryptocar;https://bitatom.io/token/cryptocar;@CryptoCarsNFT,@cryptocarsv2,@Altcoinbuzzio,@crypto_scar,@CryptMotorcycle,@_CryptoCarClub,@cryptocars,@CryptoCarscc
krypton;https://bitatom.io/token/krypton;@KryptonHomes,@minekrypton,@CryptoKrypton1,@KryptonCalls,@KryptonAi,@KryptonBTC,@thekryptone
r;https://bitatom.io/token/r;@AltcoinDailyio,@Altcoinbuzzio,@Altcointraders_,@Altcoin_Hero_,@Altcoin_Alerts,@AltcoinRadarYT
nakamoto;https://bitatom.io/token/nakamoto;@NakamotoGames,@nakamotofi,@SatoshiErcToken,@BillyM2k,@nakamoto (@Cryptonakamoto1
midu;https://bitatom.io/token/midu;@midcoin_,@Altcoinbuzznews,@minu_coin
heros;https://bitatom.io/token/heros;@Altcoin_Hero_,@AltcoinHeroes
hero;https://bitatom.io/token/hero;@Altcoin_Hero_,@AltcoinHeroes,@Metahero_io,@HEROcoinPLAY
fuck;https://bitatom.io/token/fuck;@FuckAllBanks,@Sex_One_Sex,@NFTCollector_,@JoinOnly1,@FUCKPEPE69
web3;https://bitatom.io/token/web3;@AltcoinDailyio,@Altcoinbuzzio,@DIAdata_org,@Web3TV_,@torum_official
wbtc;https://bitatom.io/token/wbtc;@WrappedBTC,@WhitebitcoinIo,@PulseChainWBTC,@WbtcChain,@Altcoin_Alerts
defi;https://bitatom.io/token/defi;@DeFi,@DeFiCoins5,@BruxoDefi,@defi_wallet,@JGNDeFi,@oneclickcrypto,@Light_DeFi
moon;https://bitatom.io/token/moon;@TheMoonCarl,@altcryptocom,@MooncoinItalia,@MoonCapitalVC,@paywithmoon,@cryptoo_moon,@MoonNationTr,@Mission_Doge1
xyz;https://bitatom.io/token/xyz;@launchpadlpx,@Portalcoin,@ModularCrypto,@xyz,@CRYPTO_XYZ_,@alloyx_xyz,@HQ_xyz,@FrontierDotXYZ,@nftfnofficial
abc;https://bitatom.io/token/abc;@Bitcoin_ABC,@abcgoflip,@aiblockchaincan,@ABCpospool,@ab_chain,@bitcoincashorg,@ABCmint2018,@HGEABC
asignatest;https://bitatom.io/token/asignatest;@Altcoinbuzzio
asigna777;https://bitatom.io/token/asigna777;
whitewalls;https://bitatom.io/token/whitewalls;@Altcoinbuzzio,@AltcoinDailyio
night;https://bitatom.io/token/night;@CryptoNightBTC,@birinaite80,@AltcoinRadarYT,@ctethcoin
jacobs;https://bitatom.io/token/jacobs;@JacobCanfield,@jacobkxyz,@NeilJacobs,@JacobRobinsonJD,@jacobvcreech,@CryptoFinanceAG,@jacobriglin,@js_horne
dark;https://bitatom.io/token/dark;@DarkCryptoFi,@privateLP,@Darkcoindmv,@DarkCryptoLord,@Altcoinbuzznews,@CryptoFinanceAG
joker;https://bitatom.io/token/joker;@AltcoinJoker,@Joker_BSC,@Cryptojoker12,@Jokercoinsol,@0xJok9r,@Amir71813512,@cryptojoker_777,@JokerERC,@Joker_Coin
bitnew;https://bitatom.io/token/bitnew;@BTN_top
bitman;https://bitatom.io/token/bitman;@bitman__coin,@BitmanToken,@IamBitmannn,@Bitman16263535,@BitmanTW,@bitman360,@BITMEN_,@bulls2233,@b17m4n
newbtc;https://bitatom.io/token/newbtc;@Altcoinbuzzio,@wolfaltcoin,@official_trakx
newx;https://bitatom.io/token/newx;@Altcoinbuzzio,@AltcoinDailyio,@Altcoinbuzznews,@NewCoinListings,@Altcoin_Alerts,@NewCrypto,@AltcoinNetwork,@Altcoin_Hero_
newb;https://bitatom.io/token/newb;@Altcoinbuzzio,@newbiumcoin,@AltcoinDailyio,@Altcoinbuzznews,@NewCoinListings,@CoinListingBot,@Altcoin_Alerts,@NewCrypto,@Altcointraders_
tbay;https://bitatom.io/token/tbay;@dteebay,@Theiabay,@BitBayofficial,@AltcoinDailyio
ianmx;https://bitatom.io/token/ianmx;@Ianandbear,@Altcoinbuzzio
legacyvault;https://bitatom.io/token/legacyvault;@Altcoinbuzzio,@jeannie38749075
d10s;https://bitatom.io/token/d10s;@D10S_Official
fmob;https://bitatom.io/token/fmob;@MobsterMOBbsc,@mong_coin,@ABCriptoOficial
bnb;https://bitatom.io/token/bnb;@BNBCHAIN,@BinanceBrasil,@BNBSwap,@NewCoinListings,@bull_bnb,@cz_binance,@OPBNB_Network
eth;https://bitatom.io/token/eth;@AltcoinDailyio,@ETH_Daily,@cripto_nita_,@evandro_eth,@ether_fi
mybtc;https://bitatom.io/token/mybtc;@MyBTCca,@MYBTCToken
okt;https://bitatom.io/token/okt;@OKCNetwork,@Octo8gaming
nbtc;https://bitatom.io/token/nbtc;@_nBTC,@nomicbtc,@NBTC_finance,@NewbtcOfficial
nbtc;https://bitatom.io/token/nbtc;@_nBTC,@nomicbtc,@NBTC_finance,@NewbtcOfficial
luna;https://bitatom.io/token/luna;@terra_money,@lunc_community,@terra_money_off,@LunaPRofficial,@RedLunaOfficial,@Luna2ERC,@terraLUNAdaily
okb;https://bitatom.io/token/okb;@OKB_Network,@AltcoinDailyio
rats;https://bitatom.io/token/rats;@Bitrats_org,@Ratscoin_Rats,@BRC_Rats,@brc20 (@Brc20_rats,@RatsPro2,@Rats_brc20,@RATSBRC20_,@BitcoinRatsNft,@bateman_mu79911
sol;https://bitatom.io/token/sol;@Bitcoin_On_Sol,@SolCoins,@AltcoinDailyio,@gmecoinsol,@honk_sol,@solkabosu,@SolarNetwork,@Rocky_Solana
dog;https://bitatom.io/token/dog;@TheCryptoDog,@dog_erc,@dog_coin_,@BabyDogeCoin,@TheDoggyCoin,@dogcoinme
binance;https://bitatom.io/token/binance;@BinanceBrasil,@Altcoinbuzzio,@NewCoinListings,@Binance_Connect,@BinanceVIP
xrp;https://bitatom.io/token/xrp;@Ripple_XRP1,@XRP_2Moon,@XRP_20,@RippleXrpie,@XRPWrapped
usdt;https://bitatom.io/token/usdt;@Tether_to,@tether_co,@Altcoinbuzzio,@AltcoinDailyio,@cryptocom,@Altcoin_Alerts,@CoinWOfficial,@santimentfeed
dot;https://bitatom.io/token/dot;@polkadotnetwork,@Altcoinbuzzio,@dot_finance,@polkadotnews,@PolkadotInsider,@StellaSwap,@dotisded
link;https://bitatom.io/token/link;@Altcoinbuzzio,@AltcoinDailyio,@Altcoin_Alerts,@Altcoin_Hero_,@ChainLinkGod,@Altcoinbuzznews,@wolfaltcoin
ltc;https://bitatom.io/token/ltc;@LTCFoundation,@SatoshiLite,@LitecoinLtk,@LTCUnderground
google;https://bitatom.io/token/google;@Altcoin_Alerts,@AltcoinSherpa,@el_crypto_prof,@googlecloud
ada;https://bitatom.io/token/ada;@AltcoinDailyio,@Cardano_CF,@CardanoFeed,@replyada,@stablecoinada,@Cardano_BRL,@cardano_daily,@cardano_whale
avax;https://bitatom.io/token/avax;@avax,@AVAXDaily,@AvaLabs,@avalanche_tr,@BearCoinAvax,@DuckAvax,@shenlongavax
bch;https://bitatom.io/token/bch;@bitcoincashorg,@Altcoinbuzzio,@BCH_Guru,@BCHCityOfficial,@bch_pls,@BitcoinBCHNews,@bitcoincashclub
trx;https://bitatom.io/token/trx;@trondao,@tronfoundation,@tronix_crypto,@justinsuntron,@TronixTrx,@TRC_20_TRXI
coloredbitcoin;https://bitatom.io/token/coloredbitcoin;
meson;https://bitatom.io/token/meson;@NetworkMeson,@mesonfi,@mesonnetwork_io,@HowardZjh,@nijatoes
atomavm;https://bitatom.io/token/atomavm;@micah_sowe75475,@avav_official,@Ramosj90,@mario_with_hat
fermion;https://bitatom.io/token/fermion;@fermiontoken,@fermion_dcl_eth,@FermionApp
perp;https://bitatom.io/token/perp;@perpprotocol,@OptixProtocol,@DerAltCoin,@aevoxyz,@Palmswaporg,@queen_altcoin,@TreehouseFi,@HMXorg,@ApolloX_Finance
u;https://bitatom.io/token/u;@Altcoinbuzzio,@AltcoinDailyio,@Altcoinbuzznews,@wolfaltcoin
4;https://bitatom.io/token/4;@cryptocom_BR,@Altcoinbuzzio,@ABCriptoOficial,@AltcoinDailyio
nft;https://bitatom.io/token/nft;@Altcoinbuzzio,@cryptocomnft,@NFTDaily,@AltcoinDailyio,@NFT_Globall,@apenftorg
runic;https://bitatom.io/token/runic;@rune_coin,@RunicLayer2,@RuneCrypto_,@runebtcxyz,@RuneMetaverse,@runealpha_btc
xatom;https://bitatom.io/token/xatom;@XAtomARC
a16z;https://bitatom.io/token/a16z;@a16zcrypto,@DarenMatsuoka
foe;https://bitatom.io/token/foe;@AltcoinDailyio,@Altcoinbuzzio,@wolfaltcoin,@Altcoin_Hero_,@TheAltcoinMan,@100xAltcoinGems
apple;https://bitatom.io/token/apple;@AppleCoinAPL,@aLTCoin_Ape_,@AirdropApple_co,@altcryptocom,@AppleSwapTrade
perp2024;https://bitatom.io/token/perp2024;
quicki;https://bitatom.io/token/quicki;@QuickswapDEX,@quickcoinnet,@queen_altcoin
bornmade;https://bitatom.io/token/bornmade;
hipo;https://bitatom.io/token/hipo;@HipoProtocol,@HippoWallet,@hippolabs__,@Altcoinbuzzio,@gatechain_io
positron;https://bitatom.io/token/positron;@PositronEco,@positroneth,@PositronNft,@Positron50,@david_of_earth
aaron;https://bitatom.io/token/aaron;@AltcoinAaron,@aarontarnold,@AltcoinDailyio,@AaronDBennett,@AltcoiIndilyio,@AMLane_au,@AaronWStanley,@awrigh01,@AaronWise5147,@Altcoindaylio
momo;https://bitatom.io/token/momo;@Momothereum,@MomoProtocol2,@MOBOX_Official,@AltcoinDailyio,@SolanaMomo,@MomoCryptoYT
e;https://bitatom.io/token/e;@AltcoinDailyio,@Altcoinbuzzio,@CointimesNews
loong;https://bitatom.io/token/loong;@OfficialLOONG,@LoongAvax,@loongerc404,@LoongDragonETH,@Loongcoins,@LOONG_Global,@LOONG_Web3,@LoongCoin_
i;https://bitatom.io/token/i;@AltcoinDailyio,@Altcoinbuzzio,@wolfaltcoin,@100xAltcoinGems,@AltcoinGordon
s;https://bitatom.io/token/s;@Altcoinbuzzio,@AltcoinDailyio,@wolfaltcoin,@AltcoinSeason_,@100xAltcoinGems,@AltcoinSherpa,@Altcoins0
god;https://bitatom.io/token/god;@Altcoin_God,@nyceayuk,@GodsUnchained,@CryptoBullGod,@Avax_GOD,@ChainLinkGod,@godcoinSOL,@chrysus_coin01,@AgeOfGodsnet
z;https://bitatom.io/token/z;@xaltcoinzx,@Altcoinbuzzio,@zebacustoken,@zetablockchain,@zwigato_token,@PlayCryptoBallZ,@BTCZOfficial
potato;https://bitatom.io/token/potato;@PotatoCoinSPL,@PotatoCoinBCH,@Crypto_Potato
test;https://bitatom.io/token/test;@Altcoinbuzzio,@Altcoin_Alerts,@Altcointraders_,@Altcoinbuzznews,@CryptoFinanceAG
trac;https://bitatom.io/token/trac;@trac_btc,@origin_trail,@Altcoin_Track,@TracTracker,@p14416575,@Altcoin_Jim,@cryptohub_app,@CryptoTrackerBt
999999999999999999btc;https://bitatom.io/token/999999999999999999btc;@AltcoinDailyio,@Altcoinbuzzio,@Altcoinbuzznews
q;https://bitatom.io/token/q;
5;https://bitatom.io/token/5;@Altcoinbuzzio,@AltcoinDailyio,@Altcoinbuzznews
einsof;https://bitatom.io/token/einsof;@AltcoinDailyio
bitatom;https://bitatom.io/token/bitatom;@bitatomnet,@queen_altcoin,@AltcoinSeason_,@bitatom_io
btcat;https://bitatom.io/token/btcat;@AltcoinDailyio,@Altcoinbuzzio,@BTCat_maneki,@BitcoinCats1Cat,@portaldobitcoin,@Altcointraders_
arc20;https://bitatom.io/token/arc20;@Electron_ARC20,@atomicalsxyz,@Arc20_Btc,@ARC20_QUARK,@Neutron21000,@AtomicalsARC,@Arc20Ctypto
sora;https://bitatom.io/token/sora;@sora_xor,@SoraAIToken,@sora20_erc,@AltcoinSara,@SORA_AI_Coin,@SoraDogeToken,@SoraDaily_,@soraceobsc
7;https://bitatom.io/token/7;@Altcoinbuzzio,@Altcoinbuzznews,@queen_altcoin,@Altcoin_Jim,@CryptoChat7
1tum;https://bitatom.io/token/1tum;@AltcoinDailyio,@Altcoinbuzzio,@queen_altcoin
miracle;https://bitatom.io/token/miracle;@MiracleCashMore,@miracleplaygg,@mrwcoin_com,@miracle_crypto,@GlobalMiracle01
quarkon;https://bitatom.io/token/quarkon;@Quark_Chain,@Alphaquark_
china;https://bitatom.io/token/china;@ChinaCryptoNews,@ChineseWhales,@btcinchina,@WuBlockchain,@ChinaCryptoNews (@OdailyChina,@cz_binance
fomo;https://bitatom.io/token/fomo;@FomoEthOfficial,@thecryptofomo,@FomoCoin_2024,@FOMO_BASE,@FOMO_Network,@FomoCoinProject,@fomohour,@Fomo_ERC20,@FomoCrypto
happy2;https://bitatom.io/token/happy2;@Shibelon_MOON
happy;https://bitatom.io/token/happy;@HBDCOIN,@HappyTrain_Game,@AltcoinDailyio,@HappyDoge_coin,@HappyCatoken,@AltcoinRadarYT,@HappyFarm_Game
gem;https://bitatom.io/token/gem;@AltGemHunter,@100xAltcoinGems,@altcoin_gem,@AltGemsAlert,@AltcoinsCalls,@cryptogems555,@CryptoAltGems,@Altcoin_Gems01
exp;https://bitatom.io/token/exp;@ExpanseOfficial,@Altcointraders_,@CoinexPortugues,@wolfaltcoin,@AltcoinFlipper_,@AltcoinRadarYT
testperp2;https://bitatom.io/token/testperp2;@Altcoinbuzzio,@shojngng134406
arcoo;https://bitatom.io/token/arcoo;@ARCONFT,@sasadarco,@AltcoinDailyio,@fed_fab
parc20;https://bitatom.io/token/parc20;
arcoin;https://bitatom.io/token/arcoin;@AR_Coin,@arcalabs,@Altcoinbuzzio,@ridior76,@AltcoinDailyio,@StarswapEN
ivy;https://bitatom.io/token/ivy;@ivykoin,@ivylive_io,@IVYcrypto21,@ivyhsy,@CryptoooIvy,@IvyKangg
mugen;https://bitatom.io/token/mugen;@MugenFinance,@0xMugen,@MugenNinja___,@PlayWithMugen,@0xMugen,@andypwlee,@Mugen211013,@dao123wanwu
perpetual;https://bitatom.io/token/perpetual;@perpprotocol,@OptixProtocol,@nftfnofficial,@everstrike_io,@volmexfinance,@BinanceFutures,@PerpetualWallet,@KTX_finance,@ApolloX_Finance
tttfair;https://bitatom.io/token/tttfair;@cointr,@EleanorTerrett,@kriptoemre,@Altcointraders_
infinity;https://bitatom.io/token/infinity;@infinity_crypto,@InfinityWallet,@INCoreTeam,@InfinityCrypto,@ivcryptofund,@infinityforce_,@Monsta_Infinite,@InfinityGamesio,@infinitymaxima
testperp;https://bitatom.io/token/testperp;@AltcoinDailyio,@Altcoinbuzzio
atomp;https://bitatom.io/token/atomp;@Electron_ARC20,@NodeStake_top,@maxkeiser
electrumx;https://bitatom.io/token/electrumx;@ElectrumWallet,@RXD_Community,@bellcoin_crypto
mass;https://bitatom.io/token/mass;@AltcoinDailyio,@massnetorg,@CoinSonarBot,@elonmusk,@santimentfeed,@0xmercurius
yongyuan;https://bitatom.io/token/yongyuan;@Zhongyygg,@AltcoinDailyio,@kamoneybrasil
9;https://bitatom.io/token/9;@Altcoinbuzzio,@Altcointraders_,@queen_altcoin,@Altcoin_Alerts,@Altcoinbuzznews
c;https://bitatom.io/token/c;@AltcoinDailyio,@Altcoinist_com,@AltcoinSherpa,@AltcoinRadarYT,@Altcoinbuzzio,@AltcoinDailyio,@nftalphac,@cryptocom
tomx;https://bitatom.io/token/tomx;@tom_etal,@tomxeth
atomical;https://bitatom.io/token/atomical;@atomicalsxyz,@atomicalsmarket,@_Atomical_,@atomicalswallet,@AtomicWallet,@realmname,@atomtoothy,@atomicals_punks
sxio;https://bitatom.io/token/sxio;@brc20Sxio,@Altcoinbuzzio
core;https://bitatom.io/token/core;@Coredao_Org,@CORE_fan1,@BTCs_,@CoreCoinCC,@coreapp,@CoreHoneycomb,@Crypto_Core,@bitcoincoreorg
ad;https://bitatom.io/token/ad;@AltcoinAdz,@AltcoinDailyio
fixedtoken;https://bitatom.io/token/fixedtoken;
h;https://bitatom.io/token/h;@AltcoinDailyio,@Altcoin_Hero_,@AltcoinAdz,@hokanewscom,@Altcoinbuzzio,@altcryptocom,@LH_MACHADO
perptoken;https://bitatom.io/token/perptoken;@perpprotocol
wsats;https://bitatom.io/token/wsats;@SATS_info,@Protocrypto,@Satscoinvip,@Altcoinbuzzio,@thecoinweekly
xijinping;https://bitatom.io/token/xijinping;@XiJinpingCoin,@TheEconomist,@Ali_Wyne
nuls;https://bitatom.io/token/nuls;@NuLink_,@GXChainGlobal
bonk;https://bitatom.io/token/bonk;@bonk_inu,@bonkcoin_erc,@KingBonkBSC,@bonk20_inu,@bonkgrok_bsc,@dogebonk_token,@BonkEarn,@bonk_inu_bsc
orbitals;https://bitatom.io/token/orbitals;@Orbit_Chain,@Orbits_DEX,@alt_layer,@orbital_command,@OrbitLending,@atomicalsxyz
atomarc;https://bitatom.io/token/atomarc;@atomicalsxyz
gec;https://bitatom.io/token/gec;@GeckoInuAvax,@geckocoin_mn,@GeometricEnergy,@GecoOne,@GEC_GEA_,@GEC_GEA
admin;https://bitatom.io/token/admin;@Altcoinbuzzio,@X1_Network,@crypto_council,@CryptooAdy
usdc;https://bitatom.io/token/usdc;@USDCcoinX,@usdc_cool,@Altcoinbuzzio
hedgehog;https://bitatom.io/token/hedgehog;@HedgehogDotApp,@hedgehog_invest,@hedgedhog7,@HedgehogMarket,@HedgehogTrader,@HedgehogSolana
axion;https://bitatom.io/token/axion;@axion_network,@axiom_xyz,@AxionToday,@crystalkimmm
test123;https://bitatom.io/token/test123;@CryptoConsta,@Altcoinbuzzio
cation;https://bitatom.io/token/cation;@Altcoinbuzzio,@AltcoinSeason_,@DeFi,@Cryptolinkscom,@AltcoinDailyio,@Blockchain_Expo
anion;https://bitatom.io/token/anion;@anion04152616,@anionx,@anion327,@ion_token,@_IONDAO
atomic;https://bitatom.io/token/atomic;@AtomicWallet,@atombitcoin,@AtomicTokenBSC,@AtomicFinance,@_atomicswap,@atomicalsxyz,@atomic__green
pandora;https://bitatom.io/token/pandora;@Pandora_ERC404,@PadoraCoin,@pandorax__,@Pandora_DEX,@PerformanceCorp,@PandoraGPTcoin,@UnboxPandoras
optimus;https://bitatom.io/token/optimus;@OptimusAI_Token,@OptimusTesla_io,@Optimus_crypto,@Optimus_Inu,@OptimusVentures,@OptimusXToken,@OptimusDeFi,@Optimus_AI_BSC,@optimusopt2,@AIoptimus_
atomics;https://bitatom.io/token/atomics;@AtomicWallet,@Atomic_coin,@atomicalsxyz,@_atomicswap
marscoin;https://bitatom.io/token/marscoin;@marscoinorg,@MarscoinWallet,@Marscoin_,@MarscoinH,@DogelonMars
hhhhh;https://bitatom.io/token/hhhhh;@himhimhihi,@StarryFX,@MoanaWhalesNFT,@AltcoinDailyio,@ArikTheReal,@Altcoinbuzzio
hyyyy;https://bitatom.io/token/hyyyy;@hyyyy68332028,@AltcoinDailyio,@clarissastarky1,@Altcoinbuzzio,@SmartBo51447973
fishmask;https://bitatom.io/token/fishmask;@realMaskNetwork,@FishcoinNetwork,@Altcoinbuzzio
chernobyl;https://bitatom.io/token/chernobyl;@Xernob,@Chernobyl1026,@temp_projects,@pkafka
draga;https://bitatom.io/token/draga;@HexedCoin
duck;https://bitatom.io/token/duck;@AltcoinDuck,@dao_duck,@The_CryptoDuck,@SillyDuckSol,@TheDuckCoin,@CryptoDuck_TH,@h2oduckie
